{
  "type": "GenericSmelter",
  "name": "Плавильня жидкого металла",
  "description": "",
  "health": 1900,
  "size": 3,
  "requirements": [
    { "item": "copper", "amount": 100},
    { "item": "silicon", "amount": 90},
    { "item": "metaglass", "amount": 50},
    { "item": "thorium", "amount":170}
  ],
  "research": "kiln",
  "hasPower": true,
  "hasItems": true,
  "hasLiquids": true,
  "craftTime": 5,
  "consumes": {
    "power": 130,
    "items": {
      "items": [
        { "item": "coal", "amount": 5},
        { "item": "lead", "amount": 3}
      ]
    },
    "liquid": {
     "liquid": "cryofluid",
     "amount": 0.7
   }
  },
  "updateEffect": "smeltsmoke",
  "category": "crafting",
  "idleSoundVolume": 0.5,
  "itemCapacity": 10,
  "outputLiquid": { "liquid": "liquidmetal", "amount": 2}
}