{
  "type": "GenericCrafter",
  "name": "Плавильня металла",
  "description": "О круто!",
  "health": 170,
  "size": 4,
  "requirements": [
    { "item": "copper", "amount": 200}
    { "item": "lead", "amount": 200}
    { "item": "metaglass", "amount": 40}
    { "item": "graphite", "amount": 60}
  ],
  "research": "melter",
  "hasPower": true,
  "hasItems": true,
  "hasLiquids": true,
  "craftTime": 3,
  "consumes": {
    "power": 6,
    "items": {
      "items": [
        { "item": "copper", "amount": 3}
        { "item": "lead", "amount": 3}
        { "item": "titanium", "amount": 5}
      ]
    },
      "liquid": {
     "liquid": "liquidmetal",
     "amount": 0.6
   }
  },
  "updateEffect": "smeltsmoke",
  "category": "crafting",
  "idleSoundVolume": 1.5,
  "itemCapacity": 15,
  "outputItem": { "item": "metal", "amount": 1}
}